method,accuracy,apcer,bpcer,acer,auc,tn,fp,fn,tp
1-frame,0.995833,0.025000,0.000000,0.012500,1.000000,78,2,0,400
5-frame average,0.997917,0.012500,0.000000,0.006250,1.000000,79,1,0,400
10-frame average,0.995833,0.025000,0.000000,0.012500,1.000000,78,2,0,400
CNN-LSTM,1.000000,0.000000,0.000000,0.000000,1.000000,80,0,0,400