accuracy,apcer,bpcer,acer,auc,tn,fp,fn,tp
0.9979166666666667,0.0125,0.0,0.00625,1.0,79,1,0,400
